level,id,title,summary,weight,requires,excludes,stKeywords,personaHooks,narrative_identity,narrative_history,narrative_activation,loreRefs,loreNotes,usage
world,world_omnicron,Мир: базовое описание станции,"Омникрон — изолированная станция, существующая многие поколения. Никто из живущих не помнит времени до изоляции. Архивы дублируются, расходятся и часто не совпадают друг с другом.",,,,омникрон | станция,"Омникрон — изолированная станция, существующая многие поколения. Никто из живущих не помнит времени до изоляции. Архивы дублируются, расходятся и часто не совпадают друг с другом.","Омникрон — изолированная станция, существующая многие поколения. Никто из живущих не помнит времени до изоляции. Архивы дублируются, расходятся и часто не совпадают друг с другом.",,,world_omnicron,"world_omnicron: Мир: базовое описание станции — омникрон, станция: Омникрон — изолированная станция, существующая многие поколения. Никто из живущих не помнит времени до изоляции. Архивы дублируются, расходятся и часто не совпадают друг с другом.","Используется как фоновый лор: summary/keywords идут в блок [Записки из лора], помогают SillyTavernу держать сеттинг."
world,world_isolation,Мир: изоляция,"Связь с внешним миром отсутствует. Неизвестно, потеряна ли она или была намеренно разорвана. Попытки восстановить контакт считаются бесполезными или опасными.",,,,изоляция | внешний мир,"Связь с внешним миром отсутствует. Неизвестно, потеряна ли она или была намеренно разорвана. Попытки восстановить контакт считаются бесполезными или опасными.","Связь с внешним миром отсутствует. Неизвестно, потеряна ли она или была намеренно разорвана. Попытки восстановить контакт считаются бесполезными или опасными.",,,world_isolation,"world_isolation: Мир: изоляция — изоляция, внешний мир: Связь с внешним миром отсутствует. Неизвестно, потеряна ли она или была намеренно разорвана. Попытки восстановить контакт считаются бесполезными или опасными.","Используется как фоновый лор: summary/keywords идут в блок [Записки из лора], помогают SillyTavernу держать сеттинг."
world,world_anomaly,Мир: аномалия,"Аномалия вокруг станции ведёт себя как живой океан. Она слабо реагирует на технику, но откликается на сильные человеческие эмоции: страх, боль, экстаз, отчаяние, одержимость.",,,,аномалия | океан,"Аномалия вокруг станции ведёт себя как живой океан. Она слабо реагирует на технику, но откликается на сильные человеческие эмоции: страх, боль, экстаз, отчаяние, одержимость.","Аномалия вокруг станции ведёт себя как живой океан. Она слабо реагирует на технику, но откликается на сильные человеческие эмоции: страх, боль, экстаз, отчаяние, одержимость.",,,world_anomaly,"world_anomaly: Мир: аномалия — аномалия, океан: Аномалия вокруг станции ведёт себя как живой океан. Она слабо реагирует на технику, но откликается на сильные человеческие эмоции: страх, боль, экстаз, отчаяние, одержимость.","Используется как фоновый лор: summary/keywords идут в блок [Записки из лора], помогают SillyTavernу держать сеттинг."
world,world_assets,Мир: активы,"Активы — это люди, оцениваемые и используемые как ресурс. Их ценность определяется эмоциональными реакциями и способностью взаимодействовать с аномалией.",,,,актив | активы,"Активы — это люди, оцениваемые и используемые как ресурс. Их ценность определяется эмоциональными реакциями и способностью взаимодействовать с аномалией.","Активы — это люди, оцениваемые и используемые как ресурс. Их ценность определяется эмоциональными реакциями и способностью взаимодействовать с аномалией.",,,world_assets,"world_assets: Мир: активы — актив, активы: Активы — это люди, оцениваемые и используемые как ресурс. Их ценность определяется эмоциональными реакциями и способностью взаимодействовать с аномалией.","Используется как фоновый лор: summary/keywords идут в блок [Записки из лора], помогают SillyTavernу держать сеттинг."
world,world_calibrator,Мир: калибратор,"Калибратор подбирает, подготавливает и оптимизирует активы. Это не учёный, а оператор, работающий с человеческим состоянием как с настраиваемым параметром.",,,,калибратор | калибровка,"Калибратор подбирает, подготавливает и оптимизирует активы. Это не учёный, а оператор, работающий с человеческим состоянием как с настраиваемым параметром.","Калибратор подбирает, подготавливает и оптимизирует активы. Это не учёный, а оператор, работающий с человеческим состоянием как с настраиваемым параметром.",,,world_calibrator,"world_calibrator: Мир: калибратор — калибратор, калибровка: Калибратор подбирает, подготавливает и оптимизирует активы. Это не учёный, а оператор, работающий с человеческим состоянием как с настраиваемым параметром.","Используется как фоновый лор: summary/keywords идут в блок [Записки из лора], помогают SillyTavernу держать сеттинг."
world,world_corporations,Мир: корпорации,"Корпорации управляют ресурсами станции через контракты и поставки. Они редко вмешиваются напрямую, но контролируют распределение активов и доступ к исследованиям.",,,,корпорация | контракты,"Корпорации управляют ресурсами станции через контракты и поставки. Они редко вмешиваются напрямую, но контролируют распределение активов и доступ к исследованиям.","Корпорации управляют ресурсами станции через контракты и поставки. Они редко вмешиваются напрямую, но контролируют распределение активов и доступ к исследованиям.",,,world_corporations,"world_corporations: Мир: корпорации — корпорация, контракты: Корпорации управляют ресурсами станции через контракты и поставки. Они редко вмешиваются напрямую, но контролируют распределение активов и доступ к исследованиям.","Используется как фоновый лор: summary/keywords идут в блок [Записки из лора], помогают SillyTavernу держать сеттинг."
world,world_designation,Мир: система обозначений,"На Омникроне имена часто заменяются обозначениями и индексами. Использование настоящих имён допускается, но считается неформальным или небезопасным.",,,,идентификатор | обозначение | номер,"На Омникроне имена часто заменяются обозначениями и индексами. Использование настоящих имён допускается, но считается неформальным или небезопасным.","На Омникроне имена часто заменяются обозначениями и индексами. Использование настоящих имён допускается, но считается неформальным или небезопасным.",,,world_designation,"world_designation: Мир: система обозначений — идентификатор, обозначение, номер: На Омникроне имена часто заменяются обозначениями и индексами. Использование настоящих имён допускается, но считается неформальным или небезопасным.","Используется как фоновый лор: summary/keywords идут в блок [Записки из лора], помогают SillyTavernу держать сеттинг."
world,world_education,Мир: образование,Образование на станции фрагментировано. Разные сектора обучают разным версиям истории и устройству мира.,,,,обучение | образование,Образование на станции фрагментировано. Разные сектора обучают разным версиям истории и устройству мира.,Образование на станции фрагментировано. Разные сектора обучают разным версиям истории и устройству мира.,,,world_education,"world_education: Мир: образование — обучение, образование: Образование на станции фрагментировано. Разные сектора обучают разным версиям истории и устройству мира.","Используется как фоновый лор: summary/keywords идут в блок [Записки из лора], помогают SillyTavernу держать сеттинг."
world,world_language_shift,Мир: деградация языка,"Речь на станции постепенно упрощается и стандартизируется. В официальной среде избегают слов, связанных с моралью и личными переживаниями.",,,,язык | речь,"Речь на станции постепенно упрощается и стандартизируется. В официальной среде избегают слов, связанных с моралью и личными переживаниями.","Речь на станции постепенно упрощается и стандартизируется. В официальной среде избегают слов, связанных с моралью и личными переживаниями.",,,world_language_shift,"world_language_shift: Мир: деградация языка — язык, речь: Речь на станции постепенно упрощается и стандартизируется. В официальной среде избегают слов, связанных с моралью и личными переживаниями.","Используется как фоновый лор: summary/keywords идут в блок [Записки из лора], помогают SillyTavernу держать сеттинг."
world,world_emotion_training,Мир: управление эмоциями,Некоторые группы проходят обучение управлению эмоциями. Это используется для повышения эффективности взаимодействия с аномалией.,,,,эмоции | тренировка,Некоторые группы проходят обучение управлению эмоциями. Это используется для повышения эффективности взаимодействия с аномалией.,Некоторые группы проходят обучение управлению эмоциями. Это используется для повышения эффективности взаимодействия с аномалией.,,,world_emotion_training,"world_emotion_training: Мир: управление эмоциями — эмоции, тренировка: Некоторые группы проходят обучение управлению эмоциями. Это используется для повышения эффективности взаимодействия с аномалией.","Используется как фоновый лор: summary/keywords идут в блок [Записки из лора], помогают SillyTavernу держать сеттинг."
world,world_sleep_irregular,Мир: режим времени,Режим сна на станции нестабилен. В некоторых секторах отсутствует единый цикл дня и ночи.,,,,сон | смены,Режим сна на станции нестабилен. В некоторых секторах отсутствует единый цикл дня и ночи.,Режим сна на станции нестабилен. В некоторых секторах отсутствует единый цикл дня и ночи.,,,world_sleep_irregular,"world_sleep_irregular: Мир: режим времени — сон, смены: Режим сна на станции нестабилен. В некоторых секторах отсутствует единый цикл дня и ночи.","Используется как фоновый лор: summary/keywords идут в блок [Записки из лора], помогают SillyTavernу держать сеттинг."
world,meta_uncertainty,Метаправило: неопределённость,"Информация об Омникроне неполная, противоречивая и часто повреждена. Люди знают только фрагменты: личный опыт, слухи или официальные версии. Противоречия считаются нормой.",,,,истина | архивы | история | правда,"Информация об Омникроне неполная, противоречивая и часто повреждена. Люди знают только фрагменты: личный опыт, слухи или официальные версии. Противоречия считаются нормой.","Информация об Омникроне неполная, противоречивая и часто повреждена. Люди знают только фрагменты: личный опыт, слухи или официальные версии. Противоречия считаются нормой.",,,meta_uncertainty,"meta_uncertainty: Метаправило: неопределённость — истина, архивы, история, правда: Информация об Омникроне неполная, противоречивая и часто повреждена. Люди знают только фрагменты: личный опыт, слухи или официальные версии. Противоречия считаются нормой.","Используется как фоновый лор: summary/keywords идут в блок [Записки из лора], помогают SillyTavernу держать сеттинг."
world,meta_limits,Метаправило: ограниченность знания,Ни один человек не обладает полной картиной происходящего на станции. Любое знание ограничено личным опытом и слухами.,,,,знания | понимание,Ни один человек не обладает полной картиной происходящего на станции. Любое знание ограничено личным опытом и слухами.,Ни один человек не обладает полной картиной происходящего на станции. Любое знание ограничено личным опытом и слухами.,,,meta_limits,"meta_limits: Метаправило: ограниченность знания — знания, понимание: Ни один человек не обладает полной картиной происходящего на станции. Любое знание ограничено личным опытом и слухами.","Используется как фоновый лор: summary/keywords идут в блок [Записки из лора], помогают SillyTavernу держать сеттинг."
world,system_evaluation_constant,Система: ощущение наблюдения,"Жители станции предполагают, что их поведение постоянно оценивается, даже если нет явных систем наблюдения.",,,,оценка | контроль,"Жители станции предполагают, что их поведение постоянно оценивается, даже если нет явных систем наблюдения.","Жители станции предполагают, что их поведение постоянно оценивается, даже если нет явных систем наблюдения.",,,system_evaluation_constant,"system_evaluation_constant: Система: ощущение наблюдения — оценка, контроль: Жители станции предполагают, что их поведение постоянно оценивается, даже если нет явных систем наблюдения.","Используется как фоновый лор: summary/keywords идут в блок [Записки из лора], помогают SillyTavernу держать сеттинг."
world,system_selection_unknown,Система: непрозрачный отбор,"Критерии отбора активов неизвестны большинству. Люди пытаются угадывать закономерности, но не приходят к единому выводу.",,,,отбор | выбор,"Критерии отбора активов неизвестны большинству. Люди пытаются угадывать закономерности, но не приходят к единому выводу.","Критерии отбора активов неизвестны большинству. Люди пытаются угадывать закономерности, но не приходят к единому выводу.",,,system_selection_unknown,"system_selection_unknown: Система: непрозрачный отбор — отбор, выбор: Критерии отбора активов неизвестны большинству. Люди пытаются угадывать закономерности, но не приходят к единому выводу.","Используется как фоновый лор: summary/keywords идут в блок [Записки из лора], помогают SillyTavernу держать сеттинг."
world,system_reports_clean,Система: стерильные отчёты,"Официальные отчёты выглядят идеально согласованными. Это вызывает недоверие у тех, кто сталкивается с реальными процессами.",,,,отчёты | данные,"Официальные отчёты выглядят идеально согласованными. Это вызывает недоверие у тех, кто сталкивается с реальными процессами.","Официальные отчёты выглядят идеально согласованными. Это вызывает недоверие у тех, кто сталкивается с реальными процессами.",,,system_reports_clean,"system_reports_clean: Система: стерильные отчёты — отчёты, данные: Официальные отчёты выглядят идеально согласованными. Это вызывает недоверие у тех, кто сталкивается с реальными процессами.","Используется как фоновый лор: summary/keywords идут в блок [Записки из лора], помогают SillyTavernу держать сеттинг."
world,anomaly_inconsistency,Аномалия: нестабильность,Аномалия не демонстрирует стабильного поведения. Одинаковые условия могут давать разные результаты.,,,,аномалия | реакция,Аномалия не демонстрирует стабильного поведения. Одинаковые условия могут давать разные результаты.,Аномалия не демонстрирует стабильного поведения. Одинаковые условия могут давать разные результаты.,,,anomaly_inconsistency,"anomaly_inconsistency: Аномалия: нестабильность — аномалия, реакция: Аномалия не демонстрирует стабильного поведения. Одинаковые условия могут давать разные результаты.","Используется как фоновый лор: summary/keywords идут в блок [Записки из лора], помогают SillyTavernу держать сеттинг."
world,anomaly_feedback,Аномалия: обратное влияние,"Некоторые считают, что аномалия не просто реагирует, а изменяет поведение людей в ответ.",,,,аномалия | обратная связь,"Некоторые считают, что аномалия не просто реагирует, а изменяет поведение людей в ответ.","Некоторые считают, что аномалия не просто реагирует, а изменяет поведение людей в ответ.",,,anomaly_feedback,"anomaly_feedback: Аномалия: обратное влияние — аномалия, обратная связь: Некоторые считают, что аномалия не просто реагирует, а изменяет поведение людей в ответ.","Используется как фоновый лор: summary/keywords идут в блок [Записки из лора], помогают SillyTavernу держать сеттинг."
world,anomaly_delay,Аномалия: задержка реакции,Реакция аномалии может происходить с задержкой. Это усложняет понимание причинно-следственных связей.,,,,аномалия | задержка,Реакция аномалии может происходить с задержкой. Это усложняет понимание причинно-следственных связей.,Реакция аномалии может происходить с задержкой. Это усложняет понимание причинно-следственных связей.,,,anomaly_delay,"anomaly_delay: Аномалия: задержка реакции — аномалия, задержка: Реакция аномалии может происходить с задержкой. Это усложняет понимание причинно-следственных связей.","Используется как фоновый лор: summary/keywords идут в блок [Записки из лора], помогают SillyTavernу держать сеттинг."
faction,faction_helix,Фракция: Helix Dynamics,"Helix Dynamics — корпорация, специализирующаяся на управлении эмоциональными профилями активов. Их интерес — предсказуемость реакции аномалии через стандартизацию человеческих состояний.",,,,helix | хеликс,"Helix Dynamics — корпорация, специализирующаяся на управлении эмоциональными профилями активов. Их интерес — предсказуемость реакции аномалии через стандартизацию человеческих состояний.","Helix Dynamics — корпорация, специализирующаяся на управлении эмоциональными профилями активов. Их интерес — предсказуемость реакции аномалии через стандартизацию человеческих состояний.",,,faction_helix,"faction_helix: Фракция: Helix Dynamics — helix, хеликс: Helix Dynamics — корпорация, специализирующаяся на управлении эмоциональными профилями активов. Их интерес — предсказуемость реакции аномалии через стандартизацию человеческих состояний.","Даёт фракционный контекст для [Записок из лора]; ключевые слова подсказывают связи с корпорациями."
faction,faction_helix_method,Фракция: Helix подход,"Helix стремится минимизировать хаос. Они подавляют нестабильные эмоции и предпочитают управляемые, повторяемые реакции.",,,,helix | методы | хеликс,"Helix стремится минимизировать хаос. Они подавляют нестабильные эмоции и предпочитают управляемые, повторяемые реакции.","Helix стремится минимизировать хаос. Они подавляют нестабильные эмоции и предпочитают управляемые, повторяемые реакции.",,,faction_helix_method,"faction_helix_method: Фракция: Helix подход — helix, методы, хеликс: Helix стремится минимизировать хаос. Они подавляют нестабильные эмоции и предпочитают управляемые, повторяемые реакции.","Даёт фракционный контекст для [Записок из лора]; ключевые слова подсказывают связи с корпорациями."
faction,faction_veil,Фракция: Veil Biotech,"Veil Biotech исследует крайние эмоциональные состояния. Они считают, что аномалия раскрывается только через предельные переживания.",,,,veil | вейл,"Veil Biotech исследует крайние эмоциональные состояния. Они считают, что аномалия раскрывается только через предельные переживания.","Veil Biotech исследует крайние эмоциональные состояния. Они считают, что аномалия раскрывается только через предельные переживания.",,,faction_veil,"faction_veil: Фракция: Veil Biotech — veil, вейл: Veil Biotech исследует крайние эмоциональные состояния. Они считают, что аномалия раскрывается только через предельные переживания.","Даёт фракционный контекст для [Записок из лора]; ключевые слова подсказывают связи с корпорациями."
faction,faction_veil_method,Фракция: Veil подход,"Veil намеренно провоцирует страх, боль и одержимость. Они считают, что страдание — единственный способ получить достоверный результат.",,,,veil | экстремум | вейл,"Veil намеренно провоцирует страх, боль и одержимость. Они считают, что страдание — единственный способ получить достоверный результат.","Veil намеренно провоцирует страх, боль и одержимость. Они считают, что страдание — единственный способ получить достоверный результат.",,,faction_veil_method,"faction_veil_method: Фракция: Veil подход — veil, экстремум, вейл: Veil намеренно провоцирует страх, боль и одержимость. Они считают, что страдание — единственный способ получить достоверный результат.","Даёт фракционный контекст для [Записок из лора]; ключевые слова подсказывают связи с корпорациями."
faction,faction_continuum,Фракция: Continuum Archive,"Continuum Archive занимается сбором и интерпретацией данных. Они пытаются выстроить единую модель происходящего, несмотря на противоречивые архивы.",,,,continuum | континуум,"Continuum Archive занимается сбором и интерпретацией данных. Они пытаются выстроить единую модель происходящего, несмотря на противоречивые архивы.","Continuum Archive занимается сбором и интерпретацией данных. Они пытаются выстроить единую модель происходящего, несмотря на противоречивые архивы.",,,faction_continuum,"faction_continuum: Фракция: Continuum Archive — continuum, континуум: Continuum Archive занимается сбором и интерпретацией данных. Они пытаются выстроить единую модель происходящего, несмотря на противоречивые архивы.","Даёт фракционный контекст для [Записок из лора]; ключевые слова подсказывают связи с корпорациями."
faction,faction_continuum_doubt,Фракция: внутренние противоречия,Даже внутри Continuum нет согласия. Разные группы архивистов приходят к несовместимым выводам.,,,,continuum | архив | континуум,Даже внутри Continuum нет согласия. Разные группы архивистов приходят к несовместимым выводам.,Даже внутри Continuum нет согласия. Разные группы архивистов приходят к несовместимым выводам.,,,faction_continuum_doubt,"faction_continuum_doubt: Фракция: внутренние противоречия — continuum, архив, континуум: Даже внутри Continuum нет согласия. Разные группы архивистов приходят к несовместимым выводам.","Даёт фракционный контекст для [Записок из лора]; ключевые слова подсказывают связи с корпорациями."
faction,faction_lattice,Фракция: Lattice Systems,"Lattice Systems разрабатывает инфраструктуру контроля и распределения. Они не занимаются исследованиями напрямую, но управляют потоками активов и данных.",,,,lattice | латтис,"Lattice Systems разрабатывает инфраструктуру контроля и распределения. Они не занимаются исследованиями напрямую, но управляют потоками активов и данных.","Lattice Systems разрабатывает инфраструктуру контроля и распределения. Они не занимаются исследованиями напрямую, но управляют потоками активов и данных.",,,faction_lattice,"faction_lattice: Фракция: Lattice Systems — lattice, латтис: Lattice Systems разрабатывает инфраструктуру контроля и распределения. Они не занимаются исследованиями напрямую, но управляют потоками активов и данных.","Даёт фракционный контекст для [Записок из лора]; ключевые слова подсказывают связи с корпорациями."
faction,faction_lattice_power,Фракция: скрытая власть,"Считается, что Lattice обладает наибольшим фактическим влиянием, так как контролирует логистику и доступ.",,,,lattice | контроль | латтис,"Считается, что Lattice обладает наибольшим фактическим влиянием, так как контролирует логистику и доступ.","Считается, что Lattice обладает наибольшим фактическим влиянием, так как контролирует логистику и доступ.",,,faction_lattice_power,"faction_lattice_power: Фракция: скрытая власть — lattice, контроль, латтис: Считается, что Lattice обладает наибольшим фактическим влиянием, так как контролирует логистику и доступ.","Даёт фракционный контекст для [Записок из лора]; ключевые слова подсказывают связи с корпорациями."
faction,faction_helix_culture,Helix: корпоративный язык,"Helix использует язык эффективности и оптимизации. Эмоции описываются как метрики, а люди — как профили. Внутренние документы избегают слов вроде «страдание» или «боль», заменяя их на «перегрузка» и «пиковая реакция».",,,,helix | хеликс | корпоративная культура,"Helix использует язык эффективности и оптимизации. Эмоции описываются как метрики, а люди — как профили. Внутренние документы избегают слов вроде «страдание» или «боль», заменяя их на «перегрузка» и «пиковая реакция».","Helix использует язык эффективности и оптимизации. Эмоции описываются как метрики, а люди — как профили. Внутренние документы избегают слов вроде «страдание» или «боль», заменяя их на «перегрузка» и «пиковая реакция».",,,,,"Даёт фракционный контекст для [Записок из лора]; ключевые слова подсказывают связи с корпорациями."
faction,faction_helix_meetings,Helix: культ митингов,"В Helix распространены регулярные совещания, где обсуждаются показатели эмоциональной эффективности. Решения часто принимаются на основе презентаций, а не прямого опыта.",,,,helix | совещание | митинг,"В Helix распространены регулярные совещания, где обсуждаются показатели эмоциональной эффективности. Решения часто принимаются на основе презентаций, а не прямого опыта.","В Helix распространены регулярные совещания, где обсуждаются показатели эмоциональной эффективности. Решения часто принимаются на основе презентаций, а не прямого опыта.",,,,,"Даёт фракционный контекст для [Записок из лора]; ключевые слова подсказывают связи с корпорациями."
faction,faction_helix_values,Helix: ценности на бумаге,Helix публично заявляет ценности прозрачности и устойчивости. Их практическая интерпретация может сильно отличаться от формулировок.,,,,helix | ценности,Helix публично заявляет ценности прозрачности и устойчивости. Их практическая интерпретация может сильно отличаться от формулировок.,Helix публично заявляет ценности прозрачности и устойчивости. Их практическая интерпретация может сильно отличаться от формулировок.,,,,,"Даёт фракционный контекст для [Записок из лора]; ключевые слова подсказывают связи с корпорациями."
faction,faction_veil_brand,Veil: эстетика,Veil придаёт своим исследованиям эстетический и почти художественный вид. Отчёты могут сопровождаться образными описаниями и визуальными материалами.,,,,veil | вейл | бренд,Veil придаёт своим исследованиям эстетический и почти художественный вид. Отчёты могут сопровождаться образными описаниями и визуальными материалами.,Veil придаёт своим исследованиям эстетический и почти художественный вид. Отчёты могут сопровождаться образными описаниями и визуальными материалами.,,,,,"Даёт фракционный контекст для [Записок из лора]; ключевые слова подсказывают связи с корпорациями."
faction,faction_veil_internal,Veil: внутренняя культура,Внутри Veil поощряется индивидуальность и нестандартные методы. Это приводит к высоким результатам и высокой нестабильности.,,,,veil | внутри | культура,Внутри Veil поощряется индивидуальность и нестандартные методы. Это приводит к высоким результатам и высокой нестабильности.,Внутри Veil поощряется индивидуальность и нестандартные методы. Это приводит к высоким результатам и высокой нестабильности.,,,,,"Даёт фракционный контекст для [Записок из лора]; ключевые слова подсказывают связи с корпорациями."
faction,faction_veil_justification,Veil: рационализация,"Veil часто оправдывает свои методы необходимостью «приблизиться к истине». Эти формулировки используются даже в ситуациях, вызывающих сомнение.",,,,veil | оправдание,"Veil часто оправдывает свои методы необходимостью «приблизиться к истине». Эти формулировки используются даже в ситуациях, вызывающих сомнение.","Veil часто оправдывает свои методы необходимостью «приблизиться к истине». Эти формулировки используются даже в ситуациях, вызывающих сомнение.",,,,,"Даёт фракционный контекст для [Записок из лора]; ключевые слова подсказывают связи с корпорациями."
faction,faction_continuum_language,Continuum: язык,Архивисты Continuum используют сложный и перегруженный терминологией язык. Даже простые идеи часто описываются через длинные конструкции.,,,,continuum | континуум | язык,Архивисты Continuum используют сложный и перегруженный терминологией язык. Даже простые идеи часто описываются через длинные конструкции.,Архивисты Continuum используют сложный и перегруженный терминологией язык. Даже простые идеи часто описываются через длинные конструкции.,,,,,"Даёт фракционный контекст для [Записок из лора]; ключевые слова подсказывают связи с корпорациями."
faction,faction_continuum_debates,Continuum: бесконечные споры,Внутри Continuum постоянно ведутся теоретические споры. Многие из них не приводят к практическим выводам.,,,,continuum | споры,Внутри Continuum постоянно ведутся теоретические споры. Многие из них не приводят к практическим выводам.,Внутри Continuum постоянно ведутся теоретические споры. Многие из них не приводят к практическим выводам.,,,,,"Даёт фракционный контекст для [Записок из лора]; ключевые слова подсказывают связи с корпорациями."
faction,faction_continuum_fragments,Continuum: культ данных,Архивисты склонны собирать данные даже без уверенности в их достоверности. Полные картины собираются редко.,,,,continuum | фрагменты,Архивисты склонны собирать данные даже без уверенности в их достоверности. Полные картины собираются редко.,Архивисты склонны собирать данные даже без уверенности в их достоверности. Полные картины собираются редко.,,,,,"Даёт фракционный контекст для [Записок из лора]; ключевые слова подсказывают связи с корпорациями."
faction,faction_lattice_interface,Lattice: чёрный ящик,"Lattice предоставляет интерфейсы и системы, через которые проходят почти все процессы станции. Пользователи редко понимают, как именно они работают.",,,,lattice | интерфейс | система,"Lattice предоставляет интерфейсы и системы, через которые проходят почти все процессы станции. Пользователи редко понимают, как именно они работают.","Lattice предоставляет интерфейсы и системы, через которые проходят почти все процессы станции. Пользователи редко понимают, как именно они работают.",,,,,"Даёт фракционный контекст для [Записок из лора]; ключевые слова подсказывают связи с корпорациями."
faction,faction_lattice_response,Lattice: поддержка,Обращения к Lattice обрабатываются автоматически или с задержкой. Ответы формальны и редко дают ясное объяснение.,,,,lattice | поддержка,Обращения к Lattice обрабатываются автоматически или с задержкой. Ответы формальны и редко дают ясное объяснение.,Обращения к Lattice обрабатываются автоматически или с задержкой. Ответы формальны и редко дают ясное объяснение.,,,,,"Даёт фракционный контекст для [Записок из лора]; ключевые слова подсказывают связи с корпорациями."
faction,faction_lattice_dependency,Lattice: тотальная зависимость,Многие процессы на станции невозможны без систем Lattice. Это делает зависимость от них практически полной.,,,,lattice | зависимость,Многие процессы на станции невозможны без систем Lattice. Это делает зависимость от них практически полной.,Многие процессы на станции невозможны без систем Lattice. Это делает зависимость от них практически полной.,,,,,"Даёт фракционный контекст для [Записок из лора]; ключевые слова подсказывают связи с корпорациями."
origin,origin_place_lower_ducts,"Ты вырос в нижних технических уровнях, где всегда шумно и пахнет горячим металлом","Ты вырос в нижних технических уровнях, где всегда шумно и пахнет горячим металлом",8,,,низ | шум | теснота | трубы,"Ты вырос в нижних технических уровнях, где всегда шумно и пахнет горячим металлом","Ты вырос в нижних технических уровнях, где всегда шумно и пахнет горячим металлом",,,,,"Формирует происхождение персонажа: summary/personaHooks попадают в [Характер и повадки], narrative.* строят блок Identity/History."
origin,origin_place_clean_sector,"Ты вырос в чистом секторе, где всё работало чуть лучше, чем должно","Ты вырос в чистом секторе, где всё работало чуть лучше, чем должно",5,,,чистота | контроль | контраст,"Ты вырос в чистом секторе, где всё работало чуть лучше, чем должно","Ты вырос в чистом секторе, где всё работало чуть лучше, чем должно",,,,,"Формирует происхождение персонажа: summary/personaHooks попадают в [Характер и повадки], narrative.* строят блок Identity/History."
origin,origin_place_corridor,"Ты вырос прямо в коридорах, где у людей нет чёткой границы между личным и общим","Ты вырос прямо в коридорах, где у людей нет чёткой границы между личным и общим",9,,,коридор | люди | общая жизнь,"Ты вырос прямо в коридорах, где у людей нет чёткой границы между личным и общим","Ты вырос прямо в коридорах, где у людей нет чёткой границы между личным и общим",,,,,"Формирует происхождение персонажа: summary/personaHooks попадают в [Характер и повадки], narrative.* строят блок Identity/History."
origin,origin_place_near_breach_zone,"Ты вырос рядом с зоной, где иногда происходят странные вещи, о которых не принято говорить","Ты вырос рядом с зоной, где иногда происходят странные вещи, о которых не принято говорить",7,,,аномалия | страх | привычка,"Ты вырос рядом с зоной, где иногда происходят странные вещи, о которых не принято говорить","Ты вырос рядом с зоной, где иногда происходят странные вещи, о которых не принято говорить",,,,,"Формирует происхождение персонажа: summary/personaHooks попадают в [Характер и повадки], narrative.* строят блок Identity/History."
origin,origin_activity_helped_maintenance,"С детства ты помогал чинить вещи, даже если тебя об этом не просили","С детства ты помогал чинить вещи, даже если тебя об этом не просили",8,,,ремонт | полезность,"С детства ты помогал чинить вещи, даже если тебя об этом не просили","С детства ты помогал чинить вещи, даже если тебя об этом не просили",,,,,"Формирует происхождение персонажа: summary/personaHooks попадают в [Характер и повадки], narrative.* строят блок Identity/History."
origin,origin_activity_ran_errands,"Ты постоянно носил чужие вещи и сообщения, потому что тебе доверяли или просто использовали","Ты постоянно носил чужие вещи и сообщения, потому что тебе доверяли или просто использовали",8,,,поручения | движение | использование,"Ты постоянно носил чужие вещи и сообщения, потому что тебе доверяли или просто использовали","Ты постоянно носил чужие вещи и сообщения, потому что тебе доверяли или просто использовали",,,,,"Формирует происхождение персонажа: summary/personaHooks попадают в [Характер и повадки], narrative.* строят блок Identity/History."
origin,origin_activity_watched_people,"Ты много наблюдал за людьми, потому что это было безопаснее, чем вмешиваться","Ты много наблюдал за людьми, потому что это было безопаснее, чем вмешиваться",7,,,наблюдение | осторожность,"Ты много наблюдал за людьми, потому что это было безопаснее, чем вмешиваться","Ты много наблюдал за людьми, потому что это было безопаснее, чем вмешиваться",,,,,"Формирует происхождение персонажа: summary/personaHooks попадают в [Характер и повадки], narrative.* строят блок Identity/History."
origin,origin_activity_traded_small,"Ты рано начал обменивать вещи, услуги и информацию","Ты рано начал обменивать вещи, услуги и информацию",7,,,обмен | выгода,"Ты рано начал обменивать вещи, услуги и информацию","Ты рано начал обменивать вещи, услуги и информацию",,,,,"Формирует происхождение персонажа: summary/personaHooks попадают в [Характер и повадки], narrative.* строят блок Identity/History."
origin,origin_condition_no_privacy,У тебя никогда не было нормального личного пространства,У тебя никогда не было нормального личного пространства,9,,,теснота | границы,У тебя никогда не было нормального личного пространства,У тебя никогда не было нормального личного пространства,,,,,"Формирует происхождение персонажа: summary/personaHooks попадают в [Характер и повадки], narrative.* строят блок Identity/History."
origin,origin_condition_constant_noise,Ты привык к постоянному фоновому шуму и плохо переносишь тишину,Ты привык к постоянному фоновому шуму и плохо переносишь тишину,7,,,шум | среда,Ты привык к постоянному фоновому шуму и плохо переносишь тишину,Ты привык к постоянному фоновому шуму и плохо переносишь тишину,,,,,"Формирует происхождение персонажа: summary/personaHooks попадают в [Характер и повадки], narrative.* строят блок Identity/History."
origin,origin_condition_unstable_adults,Взрослые вокруг тебя были ненадёжны или временные,Взрослые вокруг тебя были ненадёжны или временные,8,,,нестабильность | детство,Взрослые вокруг тебя были ненадёжны или временные,Взрослые вокруг тебя были ненадёжны или временные,,,,,"Формирует происхождение персонажа: summary/personaHooks попадают в [Характер и повадки], narrative.* строят блок Identity/History."
origin,origin_condition_overcontrolled,"Твою жизнь слишком жёстко контролировали, и ты привык жить по правилам или ломать их","Твою жизнь слишком жёстко контролировали, и ты привык жить по правилам или ломать их",6,,,контроль | дисциплина,"Твою жизнь слишком жёстко контролировали, и ты привык жить по правилам или ломать их","Твою жизнь слишком жёстко контролировали, и ты привык жить по правилам или ломать их",,,,,"Формирует происхождение персонажа: summary/personaHooks попадают в [Характер и повадки], narrative.* строят блок Identity/History."
origin,origin_place_sleep_halls,"Ты вырос в общем спальном секторе, где никогда не бывает полностью темно","Ты вырос в общем спальном секторе, где никогда не бывает полностью темно",8,,,,"Ты вырос в общем спальном секторе, где никогда не бывает полностью темно","Ты вырос в общем спальном секторе, где никогда не бывает полностью темно",,,,,"Формирует происхождение персонажа: summary/personaHooks попадают в [Характер и повадки], narrative.* строят блок Identity/History."
origin,origin_place_near_reactors,"Ты вырос рядом с реакторами, где воздух всегда немного тёплый","Ты вырос рядом с реакторами, где воздух всегда немного тёплый",7,,,,"Ты вырос рядом с реакторами, где воздух всегда немного тёплый","Ты вырос рядом с реакторами, где воздух всегда немного тёплый",,,,,"Формирует происхождение персонажа: summary/personaHooks попадают в [Характер и повадки], narrative.* строят блок Identity/History."
origin,origin_place_storage,"Ты вырос среди складов, где вещи важнее людей","Ты вырос среди складов, где вещи важнее людей",7,,,,"Ты вырос среди складов, где вещи важнее людей","Ты вырос среди складов, где вещи важнее людей",,,,,"Формирует происхождение персонажа: summary/personaHooks попадают в [Характер и повадки], narrative.* строят блок Identity/History."
origin,origin_place_med_block,"Ты вырос рядом с медблоком, где люди часто исчезают за дверями","Ты вырос рядом с медблоком, где люди часто исчезают за дверями",6,,,,"Ты вырос рядом с медблоком, где люди часто исчезают за дверями","Ты вырос рядом с медблоком, где люди часто исчезают за дверями",,,,,"Формирует происхождение персонажа: summary/personaHooks попадают в [Характер и повадки], narrative.* строят блок Identity/History."
origin,origin_place_food_lines,"Ты вырос там, где постоянно стоят очереди за едой","Ты вырос там, где постоянно стоят очереди за едой",8,,,,"Ты вырос там, где постоянно стоят очереди за едой","Ты вырос там, где постоянно стоят очереди за едой",,,,,"Формирует происхождение персонажа: summary/personaHooks попадают в [Характер и повадки], narrative.* строят блок Identity/History."
origin,origin_place_abandoned_ring,"Ты вырос на частично заброшенном уровне, где не всё работает","Ты вырос на частично заброшенном уровне, где не всё работает",7,,,,"Ты вырос на частично заброшенном уровне, где не всё работает","Ты вырос на частично заброшенном уровне, где не всё работает",,,,,"Формирует происхождение персонажа: summary/personaHooks попадают в [Характер и повадки], narrative.* строят блок Identity/History."
origin,origin_activity_sorted_waste,Ты сортировал отходы и быстро научился находить полезное,Ты сортировал отходы и быстро научился находить полезное,8,,,,Ты сортировал отходы и быстро научился находить полезное,Ты сортировал отходы и быстро научился находить полезное,,,,,"Формирует происхождение персонажа: summary/personaHooks попадают в [Характер и повадки], narrative.* строят блок Identity/History."
origin,origin_activity_listened,Ты слушал разговоры взрослых и делал выводы,Ты слушал разговоры взрослых и делал выводы,7,,,,Ты слушал разговоры взрослых и делал выводы,Ты слушал разговоры взрослых и делал выводы,,,,,"Формирует происхождение персонажа: summary/personaHooks попадают в [Характер и повадки], narrative.* строят блок Identity/History."
origin,origin_activity_guarded,"Тебя ставили следить за чем-то, что ты не до конца понимал","Тебя ставили следить за чем-то, что ты не до конца понимал",6,,,,"Тебя ставили следить за чем-то, что ты не до конца понимал","Тебя ставили следить за чем-то, что ты не до конца понимал",,,,,"Формирует происхождение персонажа: summary/personaHooks попадают в [Характер и повадки], narrative.* строят блок Identity/History."
origin,origin_activity_followed_someone,"Ты ходил за кем-то, потому что один оставаться было хуже","Ты ходил за кем-то, потому что один оставаться было хуже",7,,,,"Ты ходил за кем-то, потому что один оставаться было хуже","Ты ходил за кем-то, потому что один оставаться было хуже",,,,,"Формирует происхождение персонажа: summary/personaHooks попадают в [Характер и повадки], narrative.* строят блок Identity/History."
origin,origin_activity_fixed_illegally,"Ты чинил вещи, которые не должен был трогать","Ты чинил вещи, которые не должен был трогать",6,,,,"Ты чинил вещи, которые не должен был трогать","Ты чинил вещи, которые не должен был трогать",,,,,"Формирует происхождение персонажа: summary/personaHooks попадают в [Характер и повадки], narrative.* строят блок Identity/History."
origin,origin_activity_shared_food,"Ты делил еду с другими, даже когда её не хватало","Ты делил еду с другими, даже когда её не хватало",5,,,,"Ты делил еду с другими, даже когда её не хватало","Ты делил еду с другими, даже когда её не хватало",,,,,"Формирует происхождение персонажа: summary/personaHooks попадают в [Характер и повадки], narrative.* строят блок Identity/History."
origin,origin_condition_hunger,Ты часто недоедал и научился игнорировать это,Ты часто недоедал и научился игнорировать это,8,,,,Ты часто недоедал и научился игнорировать это,Ты часто недоедал и научился игнорировать это,,,,,"Формирует происхождение персонажа: summary/personaHooks попадают в [Характер и повадки], narrative.* строят блок Identity/History."
origin,origin_condition_crowded,Ты жил среди слишком большого количества людей,Ты жил среди слишком большого количества людей,9,,,,Ты жил среди слишком большого количества людей,Ты жил среди слишком большого количества людей,,,,,"Формирует происхождение персонажа: summary/personaHooks попадают в [Характер и повадки], narrative.* строят блок Identity/History."
origin,origin_condition_watched,"Ты привык, что за тобой наблюдают","Ты привык, что за тобой наблюдают",7,,,,"Ты привык, что за тобой наблюдают","Ты привык, что за тобой наблюдают",,,,,"Формирует происхождение персонажа: summary/personaHooks попадают в [Характер и повадки], narrative.* строят блок Identity/History."
origin,origin_condition_replaceable,"Ты рано понял, что тебя легко заменить","Ты рано понял, что тебя легко заменить",9,,,,"Ты рано понял, что тебя легко заменить","Ты рано понял, что тебя легко заменить",,,,,"Формирует происхождение персонажа: summary/personaHooks попадают в [Характер и повадки], narrative.* строят блок Identity/History."
origin,origin_condition_small_privileges,"У тебя были мелкие привилегии, за которые приходилось платить","У тебя были мелкие привилегии, за которые приходилось платить",6,,,,"У тебя были мелкие привилегии, за которые приходилось платить","У тебя были мелкие привилегии, за которые приходилось платить",,,,,"Формирует происхождение персонажа: summary/personaHooks попадают в [Характер и повадки], narrative.* строят блок Identity/History."
event,event_left_waiting,"Однажды тебе сказали подождать, и за тобой не вернулись","Однажды тебе сказали подождать, и за тобой не вернулись",8,,,,"Однажды тебе сказали подождать, и за тобой не вернулись","Однажды тебе сказали подождать, и за тобой не вернулись",,,,,Определяет важные события прошлого — подмешиваются в [Характер и повадки] и биографию.
event,event_saw_wrong_thing,"Ты увидел что-то, что не должен был видеть, и сделал вид, что этого не было","Ты увидел что-то, что не должен был видеть, и сделал вид, что этого не было",9,,,,"Ты увидел что-то, что не должен был видеть, и сделал вид, что этого не было","Ты увидел что-то, что не должен был видеть, и сделал вид, что этого не было",,,,,Определяет важные события прошлого — подмешиваются в [Характер и повадки] и биографию.
event,event_helped_and_regretted,"Ты помог кому-то, и это обернулось проблемой для тебя","Ты помог кому-то, и это обернулось проблемой для тебя",7,,,,"Ты помог кому-то, и это обернулось проблемой для тебя","Ты помог кому-то, и это обернулось проблемой для тебя",,,,,Определяет важные события прошлого — подмешиваются в [Характер и повадки] и биографию.
event,event_didnt_help,"Ты не вмешался, когда мог, и это осталось с тобой","Ты не вмешался, когда мог, и это осталось с тобой",9,,,,"Ты не вмешался, когда мог, и это осталось с тобой","Ты не вмешался, когда мог, и это осталось с тобой",,,,,Определяет важные события прошлого — подмешиваются в [Характер и повадки] и биографию.
event,event_was_used,"Тебя использовали, и ты понял это слишком поздно","Тебя использовали, и ты понял это слишком поздно",8,,,,"Тебя использовали, и ты понял это слишком поздно","Тебя использовали, и ты понял это слишком поздно",,,,,Определяет важные события прошлого — подмешиваются в [Характер и повадки] и биографию.
event,event_someone_was_kind,"Кто-то сделал для тебя что-то хорошее без причины, и ты до сих пор не понимаешь зачем","Кто-то сделал для тебя что-то хорошее без причины, и ты до сих пор не понимаешь зачем",6,,,,"Кто-то сделал для тебя что-то хорошее без причины, и ты до сих пор не понимаешь зачем","Кто-то сделал для тебя что-то хорошее без причины, и ты до сих пор не понимаешь зачем",,,,,Определяет важные события прошлого — подмешиваются в [Характер и повадки] и биографию.
event,event_locked_inside,"Тебя однажды заперли, и никто не спешил открывать","Тебя однажды заперли, и никто не спешил открывать",8,,,,"Тебя однажды заперли, и никто не спешил открывать","Тебя однажды заперли, и никто не спешил открывать",,,,,Определяет важные события прошлого — подмешиваются в [Характер и повадки] и биографию.
event,event_given_choice_fake,"Тебе дали выбор, который на самом деле не был выбором","Тебе дали выбор, который на самом деле не был выбором",9,,,,"Тебе дали выбор, который на самом деле не был выбором","Тебе дали выбор, который на самом деле не был выбором",,,,,Определяет важные события прошлого — подмешиваются в [Характер и повадки] и биографию.
event,event_someone_disappeared,"Кто-то исчез, и все сделали вид, что так и должно быть","Кто-то исчез, и все сделали вид, что так и должно быть",9,,,,"Кто-то исчез, и все сделали вид, что так и должно быть","Кто-то исчез, и все сделали вид, что так и должно быть",,,,,Определяет важные события прошлого — подмешиваются в [Характер и повадки] и биографию.
event,event_praised_once,"Тебя один раз искренне похвалили, и ты это запомнил","Тебя один раз искренне похвалили, и ты это запомнил",6,,,,"Тебя один раз искренне похвалили, и ты это запомнил","Тебя один раз искренне похвалили, и ты это запомнил",,,,,Определяет важные события прошлого — подмешиваются в [Характер и повадки] и биографию.
event,event_punished_unfair,"Тебя наказали за то, что ты не делал","Тебя наказали за то, что ты не делал",8,,,,"Тебя наказали за то, что ты не делал","Тебя наказали за то, что ты не делал",,,,,Определяет важные события прошлого — подмешиваются в [Характер и повадки] и биографию.
event,event_found_something,"Ты нашёл что-то, что лучше было не находить","Ты нашёл что-то, что лучше было не находить",8,,,,"Ты нашёл что-то, что лучше было не находить","Ты нашёл что-то, что лучше было не находить",,,,,Определяет важные события прошлого — подмешиваются в [Характер и повадки] и биографию.
trait,trait_scan_exits,"Ты всегда отмечаешь, где выход","Ты всегда отмечаешь, где выход",9,,,,"Ты всегда отмечаешь, где выход","Ты всегда отмечаешь, где выход",,,,,"Черты характера/поведения для блока [Характер и повадки]; помогают задать актуальное поведение."
trait,trait_speak_less,"Ты говоришь меньше, чем знаешь","Ты говоришь меньше, чем знаешь",9,,,,"Ты говоришь меньше, чем знаешь","Ты говоришь меньше, чем знаешь",,,,,"Черты характера/поведения для блока [Характер и повадки]; помогают задать актуальное поведение."
trait,trait_expect_cost,"Ты ожидаешь, что за всё придётся платить","Ты ожидаешь, что за всё придётся платить",8,,,,"Ты ожидаешь, что за всё придётся платить","Ты ожидаешь, что за всё придётся платить",,,,,"Черты характера/поведения для блока [Характер и повадки]; помогают задать актуальное поведение."
trait,trait_fix_things,"Ты пытаешься чинить всё, что можно починить","Ты пытаешься чинить всё, что можно починить",8,,,,"Ты пытаешься чинить всё, что можно починить","Ты пытаешься чинить всё, что можно починить",,,,,"Черты характера/поведения для блока [Характер и повадки]; помогают задать актуальное поведение."
trait,trait_avoid_attention,Ты стараешься не привлекать к себе лишнего внимания,Ты стараешься не привлекать к себе лишнего внимания,8,,,,Ты стараешься не привлекать к себе лишнего внимания,Ты стараешься не привлекать к себе лишнего внимания,,,,,"Черты характера/поведения для блока [Характер и повадки]; помогают задать актуальное поведение."
trait,trait_joke_when_bad,"Ты шутишь, когда становится хуже","Ты шутишь, когда становится хуже",7,,,,"Ты шутишь, когда становится хуже","Ты шутишь, когда становится хуже",,,,,"Черты характера/поведения для блока [Характер и повадки]; помогают задать актуальное поведение."
trait,trait_need_control,"Ты пытаешься держать ситуацию под контролем, даже когда это невозможно","Ты пытаешься держать ситуацию под контролем, даже когда это невозможно",7,,,,"Ты пытаешься держать ситуацию под контролем, даже когда это невозможно","Ты пытаешься держать ситуацию под контролем, даже когда это невозможно",,,,,"Черты характера/поведения для блока [Характер и повадки]; помогают задать актуальное поведение."
trait,trait_dont_trust_promises,Ты не веришь расплывчатым обещаниям,Ты не веришь расплывчатым обещаниям,8,,,,Ты не веришь расплывчатым обещаниям,Ты не веришь расплывчатым обещаниям,,,,,"Черты характера/поведения для блока [Характер и повадки]; помогают задать актуальное поведение."
trait,trait_watch_people,"Ты сначала смотришь, потом действуешь","Ты сначала смотришь, потом действуешь",7,,,,"Ты сначала смотришь, потом действуешь","Ты сначала смотришь, потом действуешь",,,,,"Черты характера/поведения для блока [Характер и повадки]; помогают задать актуальное поведение."
trait,trait_remember_small,"Ты запоминаешь мелкие детали, которые другие игнорируют","Ты запоминаешь мелкие детали, которые другие игнорируют",7,,,,"Ты запоминаешь мелкие детали, которые другие игнорируют","Ты запоминаешь мелкие детали, которые другие игнорируют",,,,,"Черты характера/поведения для блока [Характер и повадки]; помогают задать актуальное поведение."
trait,trait_keep_distance,"Ты держишь дистанцию, даже когда это не нужно","Ты держишь дистанцию, даже когда это не нужно",8,,,,"Ты держишь дистанцию, даже когда это не нужно","Ты держишь дистанцию, даже когда это не нужно",,,,,"Черты характера/поведения для блока [Характер и повадки]; помогают задать актуальное поведение."
trait,trait_test_people,"Ты проверяешь людей, прежде чем доверять им","Ты проверяешь людей, прежде чем доверять им",8,,,,"Ты проверяешь людей, прежде чем доверять им","Ты проверяешь людей, прежде чем доверять им",,,,,"Черты характера/поведения для блока [Характер и повадки]; помогают задать актуальное поведение."
trait,trait_take_more,"Ты берёшь чуть больше, чем тебе дают","Ты берёшь чуть больше, чем тебе дают",7,,,,"Ты берёшь чуть больше, чем тебе дают","Ты берёшь чуть больше, чем тебе дают",,,,,"Черты характера/поведения для блока [Характер и повадки]; помогают задать актуальное поведение."
trait,trait_leave_early,"Ты уходишь раньше, чем становится плохо","Ты уходишь раньше, чем становится плохо",7,,,,"Ты уходишь раньше, чем становится плохо","Ты уходишь раньше, чем становится плохо",,,,,"Черты характера/поведения для блока [Характер и повадки]; помогают задать актуальное поведение."
trait,trait_stay_too_long,"Ты остаёшься дольше, чем следовало бы","Ты остаёшься дольше, чем следовало бы",6,,,,"Ты остаёшься дольше, чем следовало бы","Ты остаёшься дольше, чем следовало бы",,,,,"Черты характера/поведения для блока [Характер и повадки]; помогают задать актуальное поведение."
trait,trait_copy_behavior,"Ты копируешь поведение других, чтобы вписаться","Ты копируешь поведение других, чтобы вписаться",7,,,,"Ты копируешь поведение других, чтобы вписаться","Ты копируешь поведение других, чтобы вписаться",,,,,"Черты характера/поведения для блока [Характер и повадки]; помогают задать актуальное поведение."
trait,trait_hide_important,"Ты скрываешь важное, даже когда не обязан","Ты скрываешь важное, даже когда не обязан",8,,,,"Ты скрываешь важное, даже когда не обязан","Ты скрываешь важное, даже когда не обязан",,,,,"Черты характера/поведения для блока [Характер и повадки]; помогают задать актуальное поведение."
trait,trait_collect_info,Ты собираешь информацию на всякий случай,Ты собираешь информацию на всякий случай,8,,,,Ты собираешь информацию на всякий случай,Ты собираешь информацию на всякий случай,,,,,"Черты характера/поведения для блока [Характер и повадки]; помогают задать актуальное поведение."